{"cameraMode":{"drawMode":0,"name":"Shaded","section":"Shading Mode"},"sceneLighting":true,"audioPlay":false,"sceneViewState":{"m_AlwaysRefresh":false,"showFog":true,"showSkybox":true,"showFlares":true,"showImageEffects":true,"showParticleSystems":true,"showVisualEffectGraphs":true,"m_FxEnabled":true},"in2DMode":false,"pivot":{"x":-2.4284090995788576,"y":-41.418373107910159,"z":149.19680786132813},"rotation":{"x":-0.14084617793560029,"y":0.004700820427387953,"z":-0.0005645912024192512,"w":-0.9900749325752258},"size":81.87344360351563,"orthographic":false}